"Eichholzbahn 188-192, 13591 Berlin, Staaken (Spandau)"
"Ungewitterweg gegenüber Nr. 29, 13591 Berlin, Staaken (Spandau)"
"Beilsteiner Straße 51, 12681 Berlin, Marzahn (Marzahn)"
"Theodorstraße 58, 12623 Berlin, Mahlsdorf (Hellersdorf)"
"Brentanostraße 42, 12163 Berlin, Steglitz (Steglitz)"
"0 0, 12305 Berlin-Lichtenrade, Lichtenrade (Tempelhof)"
"Plutoweg 30, 12589 Berlin, Rahnsdorf (Köpenick)"
14641 Paaren
13587 Berlin-Spandau
12167 Berlin
14089 Kladow
"Wernsdorfer Straße 27, 12527 Treptow-Köpenick OT Schmöckwitz, Schmöckwitz (Köpenick)"
"Mitte (Mitte), Berlin"
"Weg G 27, 12559 Berlin-Müggelheim, Müggelheim (Köpenick)"
10315 Berlin
"Schragenfeldstr., 12685 Berlin, Marzahn (Marzahn)"
"Dahlemer Weg 141, 14167 Berlin, Zehlendorf (Zehlendorf)"
13467 Berlin-Hermsdorf
12589 Berlin-Rahnsdorf
"Jablonskistraße 21, 10405 Berlin, Prenzlauer Berg (Prenzlauer Berg)"
13156 Niederschönhausen (Pankow)
"Anna-Ebermann Straße 10, 13053 Berlin, Alt-Hohenschönhausen (Hohenschönhausen)"
"Rodenbacher Gang, 12559 Berlin-Müggelheim, Müggelheim (Köpenick)"
12689 Berlin
"Neuenhagener Straße 47, 12623 Berlin, Mahlsdorf (Hellersdorf)"
"Johannisthal (Treptow), Berlin"
".... ..., 12589 Berlin, Rahnsdorf (Köpenick)"
"Wilhelm-Stolze-Straße 27, 10249 Berlin, Friedrichshain (Friedrichshain)"
"Kaulbach/Bisamstrasse, 12623 Berlin, Mahlsdorf, Mahlsdorf (Hellersdorf)"
10707 Berlin
"Müggelheimer Damm 244-252, 12559 Berlin - Köpenick, Müggelheim (Köpenick)"
"Alt-Köpenick 13-Laurenzstrasse1-1a, 12555 Berlin, Köpenick (Köpenick)"
"Parchwitzer Straße 171/173, 12526 Berlin, Bohnsdorf (Treptow)"
"Ladiusstraße 19, 14165 Berlin, Zehlendorf (Zehlendorf)"
"Friederikestraße 26, 13505 Berlin, Konradshöhe (Reinickendorf)"
"Kaulbach/BisamStrasse, 12623 Berlin Mahlsdorf, Mahlsdorf (Hellersdorf)"
12562 Berlin
13156 Berlin Niederschönhausen
14167 Zehlendorf
"Fregestr. 79, 12159 Berlin, Schöneberg (Schöneberg)"
"Dorotheastr. 4, 10318 Berlin, Karlshorst (Lichtenberg)"
"Alte Jakobstraße 48, 10179 Berlin / Mitte, Mitte (Mitte)"
"Albertinenstraße 5c, 13086 Berlin, Weißensee (Weißensee)"
13055 Berlin
"Alte Jakobstraße 51, 10179 Berlin / Mitte, Mitte (Mitte)"
12627 Berlin
10781 Berlin
"Heinrich-Seidel-Str. 17, 12167 Berlin, Steglitz (Steglitz)"
"Bundesallee 141, 12161 Berlin, Friedenau (Schöneberg)"
"Nithackstr. 17, 10585 Berlin, Charlottenburg (Charlottenburg)"
"Unter den Eichen 94b, 12205 Berlin, Lichterfelde (Steglitz)"
"Wilhelmsaue 19, 10715 Berlin, Wilmersdorf (Wilmersdorf)"
"Transvaalstr. 6, 13351 Berlin, Wedding (Wedding)"
"Bismarckstr. 1, 12157 Berlin, Steglitz (Steglitz)"
"Pichelsdorfer Str. 37, 13595 Berlin, Spandau (Spandau)"
"Ahornstr. 25, 12163 Berlin, Steglitz (Steglitz)"
"Schwedenstr. 3B, 13357 Berlin, Wedding (Wedding)"
12439 Berlin
"Lüderitzstr. 55, 13351 Berlin, Wedding (Wedding)"
"Bismarckstr. 70, 10627 Berlin, Charlottenburg (Charlottenburg)"
"Wielandstr. 6, 10625 Berlin, Charlottenburg (Charlottenburg)"
"Sophie-Charlotten-Str. 105 H, 14059 Berlin, Charlottenburg (Charlottenburg)"
"Babelsberger Str. 52, 10715 Berlin, Wilmersdorf (Wilmersdorf)"
"Bismarckstr. 69, 10627 Berlin, Charlottenburg (Charlottenburg)"
"Ringbahnstr. 14, 10711 Berlin, Wilmersdorf (Wilmersdorf)"
"Darmstädter Str. 8, 10707 Berlin, Wilmersdorf (Wilmersdorf)"
"Mittelstr. 8, 13585 Berlin, Spandau (Spandau)"
"Oberhofer Weg 26, 12209 Berlin, Lichterfelde (Steglitz)"
"Nordkapstr. 4, 10439 Berlin, Prenzlauer Berg (Prenzlauer Berg)"
"Schwalbacher Str. 10, 12161 Berlin, Friedenau (Schöneberg)"
"Güntzelstr. 24, 10717 Berlin, Wilmersdorf (Wilmersdorf)"
"Gieselerstr. 28, 10713 Berlin, Wilmersdorf (Wilmersdorf)"
"Riemenschneiderweg 22, 12157 Berlin, Schöneberg (Schöneberg)"
"Riemenschneiderweg 18, 12157 Berlin, Schöneberg (Schöneberg)"
"Menzelstr. 31, 12157 Berlin, Schöneberg (Schöneberg)"
"Markelstr. 16, 12163 Berlin, Steglitz (Steglitz)"
"Knesebeckstr. 6, 12205 Berlin, Lichterfelde (Steglitz)"
"Haubachstraße 19, 10585 Berlin, Charlottenburg (Charlottenburg)"
"Bismarckstraße 70, 10627 Berlin, Charlottenburg (Charlottenburg)"
"Haubachstraße 17, 10585 Berlin, Charlottenburg (Charlottenburg)"
"Letteallee 80, 13409 Berlin, Reinickendorf (Reinickendorf)"
"Homburger Straße 8, 14197 Berlin, Wilmersdorf (Wilmersdorf)"
"Heinrich-Seidel-Straße 17, 12167 Berlin, Steglitz (Steglitz)"
"Kaiser-Friedrich-Straße 6, 10585 Berlin, Charlottenburg (Charlottenburg)"
"Darmstädter Straße 8, 10707 Berlin, Wilmersdorf (Wilmersdorf)"
"Liselotte-Herrmann-Straße 37, 10407 Berlin, Prenzlauer Berg (Prenzlauer Berg)"
"Hauptstr. 77, 12159 Berlin, Friedenau (Schöneberg)"
"Homburger Str. 8, 14197 Berlin, Wilmersdorf (Wilmersdorf)"
"Haubachstr. 17, 10585 Berlin, Charlottenburg (Charlottenburg)"
12053 Berlin
12459 Berlin
"Proskauer Straße 35, 10247 Berlin, Friedrichshain (Friedrichshain)"
"Schliemannstr. 34, 10437 Berlin, Prenzlauer Berg (Prenzlauer Berg)"
13593 Berlin
13585 Berlin / Spandau
"Alt-Mariendorf 25d, 12107 Berlin, Mariendorf (Tempelhof)"
"Alt-Mariendorf 27c, 12107 Berlin, Mariendorf (Tempelhof)"
"Alt-Mariendorf 27d, 12107 Berlin, Mariendorf (Tempelhof)"
12555 Berlin / Köpenick
"Uhlandstr. 58 a, 13156 Berlin, Niederschönhausen (Pankow)"
"Waldstr. 29, 13156 Berlin, Niederschönhausen (Pankow)"
"Dänenstr. 00, 10439 Berlin, Prenzlauer Berg (Prenzlauer Berg)"
"Schnellerstraße xx, 12437 Berlin, Baumschulenweg (Treptow)"
"Uhlandstr. 58, 13156 Berlin, Niederschönhausen (Pankow)"
12279 Berlin
"Parrisiusstr. 31, 12555 Berlin, Köpenick (Köpenick)"
"Goethestraße xx, 10625 Berlin, Charlottenburg (Charlottenburg)"
"Giesensdorfer Str. 18a, 12207 Berlin, Lichterfelde (Steglitz)"
"Giesensdorfer Str. 18, 12207 Berlin, Lichterfelde (Steglitz)"
"Schlüterstrasse 60, 10625 Berlin, Charlottenburg (Charlottenburg)"
13407 Berlin / Reinickendorf
"Rummelsburg (Lichtenberg), Berlin"
"Dietrich-Heßmer-Platz xxx, 01979 Lauchhammer, Oberspreewald-Lausitz (Kreis)"
"Glienicker Dorfstraße xxx, 14469 Potsdam, Groß Glienicke"
14467 Potsdam
14471 Potsdam
14712 Semlin
"Birkenhof 51, 16767 Leegebruch, Oberhavel (Kreis)"
"Adornostraße 36, 14612 Falkensee, Havelland (Kreis)"
16761 Hennigsdorf
16552 Schildow
15366 Berlin
"Berliner Straße 21 A/B, 14612 Falkensee, Havelland (Kreis)"
16761 Henningsdorf
"Ringstraße 6, 14550 Groß Kreutz OT Götz, Groß Kreutz (Havel)"
14473 Potsdam
"Yorckstraße 38 A, 15749 Mittenwalde, Dahme-Spreewald (Kreis)"
14770 Brandenburg
"An der Zeistritz 14, 14797 Kloster Lehnin OT Göhlsdorf, Kloster Lehnin"
16727 Velten
14553 Michendorf
16540 Hohen Neuendorf
"Im Kamp 54, 14532 Kleinmachnow, Potsdam-Mittelmark (Kreis)"
15745 Wildau
"Johann-Sebastian-Bach-Straße 4, 16833 Fehrbellin, Ostprignitz-Ruppin (Kreis)"
"Stahnsdorfer Straße 91, 14482 Potsdam, Babelsberg Süd"
03044 Cottbus
14979 Kleinbeeren
15838 Am Mellensee OT Rehagen
15890 Eisenhüttenstadt
"Birkenhof 17, 16767 Leegebruch, Oberhavel (Kreis)"
"An der Viehtrift 35, 16321 Bernau, Bernau bei Berlin"
"Zum Weiher 30, 14552 Wildenbruch, Michendorf"
"Horst-Bienek-Straße 11-13, 14469 Potsdam, Bornstedt"
14827 Medewitz
15834 Dahlewitz
16562 Bergfelde
15230 Frankfurt Oder
15517 Fürstenwalde
16547 Birkenwerder
"Gartenstraße 2, 16303 Schwedt/Oder, Uckermark (Kreis)"
"Tschudistrasse 6, 14476 Potsdam-Neu Fahrland, Potsdam"
"Steinstraße 128, 14482 Potsdam, Babelsberg Süd"
14467 Potdam
"Bahnhofstr. 57c, 14624 Dallgow-Döberitz, Havelland (Kreis)"
"Zehlendorfer Damm 186a, 14532 Kleinmachnow, Potsdam-Mittelmark (Kreis)"
"Dammstraße xxx, 14641 Nauen, Havelland (Kreis)"
"Cottbuser Straße xxx, 03238 Finsterwalde, Elbe-Elster (Kreis)"
"Neu Fahrland, Potsdam"
"Wilhelm- Guse- Str. 18, 16321 Rüdnitz, Barnim (Kreis)"
"Leipziger Straße 3-4, 14473 Potsdam, Templiner Vorstadt"
15834 Groß Machnow
"Emile-Zola-Str. 35, 16540 Hohen Neuendorf, Oberhavel (Kreis)"
"An den Schäferpfühlen 53, 16321 Bernau, Bernau bei Berlin"
14476 Fahrland
"Körnerstraße 4a, 15366 Neuenhagen, Neuenhagen bei Berlin"
"Niederheidenstraße 109- 111, 15366 Neuenhagen, Neuenhagen bei Berlin"
"Linzer Straße x, 16341 Panketal/OT Schwanebeck, Panketal"
"Harnackstr. 12, 16835 Lindow, Lindow (Mark)"
"14913 Niedergörsdorf, Teltow-Fläming (Kreis)"
15366 Hoppegarten
"Bahnhofsplatz 2, 15526 Bad Saarow, Oder-Spree (Kreis)"
"Geschwister Scholl Strasse 72, 14471 Potsdam, Potsdam West"
"Stauffenbergstraße 4, 16356 Werneuchen, Barnim (Kreis)"
14547 Beelitz
15345 Altlandsberg
14974 Ludwigsfelde
14542 Werder (Havel)
14482 Potsdam / Babelsberg
"Am Alten Markt / Brauerstraße 1, 14467 Potsdam, Nördliche Innenstadt"
"Birkenhof 65, 16767 Leegebruch, Oberhavel (Kreis)"
"Dissenchener Turnstraße xxx, 03052 Dissenchen, Cottbus"
"Am Eichengraben xxx, 03149 Forst (Lausitz), Spree-Neiße (Kreis)"
"Luisenstraße 2, 16798 Fürstenberg, Fürstenberg/Havel"
"Drosselweg 19, 14979 Großbeeren, Teltow-Fläming (Kreis)"
"E.-Steinfurth-Str. 47/48, 16227 Eberswalde, Barnim (Kreis)"
"Wohnpark am Stienitzsee 50, 15378 Hennickendorf, Rüdersdorf bei Berlin"
14476 Groß Glienicke
"Teltower Str. 4, 15831 Mahlow, Blankenfelde-Mahlow"
16845 Großderschau
14797 Kloster Lehnin
03058 Neuhausen
14715 Havelaue OT Strodehne
16559 Liebenwalde
"Dorfstr. 45, 16866 Schrepkow, Gumtow"
15913 Goyatz
15370 Petershagen
"Stolpe Mühle 24, 16278 Stolpe Stadt Angermünde, Uckermark (Kreis)"
14480 Potsdam - Babelsberg
03253 Schönborn
15741 Gräbendorf
15755 Teupitz
15366 Neuenhagen bei Berlin
15518 Steinhöfel
16833 Protzen
15236 Frankfurt
14979 Großbeeren
16845 Breddin OT Damelack
04932 Röderland
03222 Lübbenau
16269 Wriezen
16227 Erberswalde OT Finow
03159 Neiße-Malxetal
01983 Großräschen
15537 Kagel - Möllensee
14959 Trebbin
14789 Wusterwitz
15370 Petershagen / Eggersdorf
14476 Potsdam OT Fahrland
"Vierwaldstätter Strasse 78A, 16341 Panketal, Barnim (Kreis)"
"15738 Zeuthen , bei Königs Wusterhausen"
14979 Grossbeeren
"Schöne Sackgasse 1, 14612 Falkensee, Havelland (Kreis)"
"Fercher Straße 157, 14542 Petzow, Werder (Havel)"
"Martin Luther Straße 1, 17268 Templin, Uckermark (Kreis)"
"Ernst Thälmann Straße 29, 17291 Nordwestückermark, Nordwestuckermark"
"Weselitz 26, 17291 Uckerfelde, Uckermark (Kreis)"
16866 Kyritz
"str. der Freundschaft 2, 15518 Steinhöfel, Oder-Spree (Kreis)"
14715 Stechow-Ferchesar
16556 Hohen Neuendorf
"Luckenwalde, Teltow-Fläming (Kreis)"
"Fahrland-Ortslage ., 14476 Potsdam/Fahrland, Uetz-Paaren"
14712 Rathenow
15913 Schwielochsee
16949 Putlitz
15328 Küstriner Vorland
19309 Lenzen
"Schönefeld, Dahme-Spreewald (Kreis)"
17291 Prenzlau
15712 Königs Wusterhausen
16792 Zehdenick
"Fredersdorf-Vogelsdorf, Märkisch-Oderland (Kreis)"
"Hoppegarten, Märkisch-Oderland (Kreis)"
"Rüdersdorf bei Berlin, Märkisch-Oderland (Kreis)"
"Petershagen/Eggersdorf, Märkisch-Oderland (Kreis)"
"Strausberg, Märkisch-Oderland (Kreis)"
15898 Neuzelle
15537 Gosen-Neu Zittau
15295 Brieskow-Finkenherd
15326 Lebus
15846 Wendisch Rietz
15848 Beeskow
15526 Bad Saarow
15859 Storkow
15234 Frankfurt/Oder
14542 Werder/Havel
16775 Löwenberger Land
16259 Oderaue
16248 Oderberg
16766 Kremmen
16766 Sommerfeld
14554 Seddin
19273 Amt Neuhaus
"Schlepkow 10, 17337 Schlepkow, Uckerland"
15537 Erkner
"Beim Anbieter anfragen -, 14547 Fichtenwalde, Beelitz"
15569 Woltersdorf
01968 Senftenberg
15299 Müllrose
03172 Schenkendöbern
15345 Petershagen-Eggersdorf
16775 Menz
16515 Mühlenbecker Land / OT Zühlsdorf
14931 Jüterbog
16515 Oranienburg-Schmachtenhagen
15959 Trebbin
15806 Saalow
15711 Königs Wusterhausen
15827 Blankenfelde
16341 Panketal
16866 Gumtow OT Brüsenhagen
03103 Neupetershain
03130 Spremberg
14662 Friesack
16816 Neuruppin
14827 Wiesenburg
16818 Katerbow
16548 Glienicke
15732 Eichwalde
15345 Rehfelde
"Bebelweg 1a, 14913 Jüterbog, Niedergörsdorf"
15562 Rüdersdorf bei Berlin
15848 Tauche
"Mühlenstraße ., 14532 Stahnsdorf, Potsdam-Mittelmark (Kreis)"
16909 Königsberg
"Kaiser-Friedrich-Str. SW 1, 14469 Potsdam, Bornstedt"
"Kaiser-Friedrich-Str. 1, 14469 Potsdam, Bornstedt"
"Zielona-Gora-Straße 1, 03048 Cottbus, Sachsendorf"
"Lobedanstraße 2, 03046 Cottbus, Stadtmitte"
"Georg-Schlesinger-Straße 6, 03042 Cottbus, Sandow"
"Schulstraße 20, 15230 Frankfurt (Oder), Gubener Vorstadt"
"Werbelliner Str. 29, 16225 Eberswalde, Barnim (Kreis)"
"Schwedter Straße 90, 17291 Prenzlau, Uckermark (Kreis)"
"Joseph-Haydn-Str. 27, 15831 Mahlow, Blankenfelde-Mahlow"
"Köhlerstraße 83, 14547 Beelitz OT Fichtenwalde, Beelitz"
"Dr.-Albert-Schweitzer-Str. 12, 14554 Seddiner See OT Neuseddin, Seddiner See"
"Nordstr. 5e, 15517 Fürstenwalde, Fürstenwalde/Spree"
"Friedrich-Engels-Straße 19 a, 14473 Potsdam, Teltower Vorstadt"
"Bahnhofstraße 12 b, 15526 Bad Saarow, Oder-Spree (Kreis)"
"Bahnhofstraße 11 d, 15526 Bad Saarow, Oder-Spree (Kreis)"
"Am Kolonieweg 123, 14798 Havelsee, Potsdam-Mittelmark (Kreis)"
16909 Wittstock
15517 Fürstenwalde/Spree
"Karl-Marx-Str. 4, 15711 Königs Wusterhausen, Dahme-Spreewald (Kreis)"
"Finowstr. 1, 16321 Bernau, Bernau bei Berlin"
"Dorfstr. 6a, 14778 Radewege, Beetzsee"
"Berliner Str. 80 a, 15344 Strausberg, Märkisch-Oderland (Kreis)"
"Berliner Str. 83, 15344 Strausberg, Märkisch-Oderland (Kreis)"
"Berliner Str. 84, 15344 Strausberg, Märkisch-Oderland (Kreis)"
"Berliner Str. 80 b, 15344 Strausberg, Märkisch-Oderland (Kreis)"
"Mittelstraße 15, 16516 Oranienburg, Oberhavel (Kreis)"
"An den Schäferpfühlen 13, 16321 Bernau, Bernau bei Berlin"
"Am Sportplatz 7B, 15806 Glienick bei Ludwigsfelde, Zossen"
"Arthur Borghard Weg 2, 14548 Schwielowsee OT Ferch, Schwielowsee"
"An den Eichen 6 b, 14513 Ruhlsdorf, Teltow"
"Ernst-Thälmann-Straße 12a, 15562 Rüdersdorf, Rüdersdorf bei Berlin"
"Schillerstraße 5, 14532 Kleinmachnow, Potsdam-Mittelmark (Kreis)"
"Johnepark 79B, 15806 Zossen, Teltow-Fläming (Kreis)"
"Fritz-Reuter-Strße 1a, 15344 Strausberg, Märkisch-Oderland (Kreis)"
"Geschw.-Scholl-Str. 8, 15907 Lübben (Spreewald), Dahme-Spreewald (Kreis)"
"Theodor-Fontane-Str. 6, 15907 Lübben (Spreewald), Dahme-Spreewald (Kreis)"
"Theodor-Fontane-Str. 24, 15907 Lübben (Spreewald), Dahme-Spreewald (Kreis)"
"Coburger Straße 57, 14612 Falkensee, Havelland (Kreis)"
"Am Wachtelberg 8, 14542 Werder, Werder (Havel)"
01990 Großkmehlen
03253 Doberlug-Kirchhain
14665 Mühlenberge OT Senzke
"Vincentstraße 11, 17291 Prenzlau, Uckermark (Kreis)"
"Robert-Schulz-Ring 31, 17291 Prenzlau, Uckermark (Kreis)"
14776 Brandenburg an der Havel
"Erich-Mühsam-Straße 1, 16547 Birkenwerder, Oberhavel (Kreis)"
"Dr.-Albert-Schweitzer-Str. 16, 14554 Seddiner See OT Neuseddin, Seddiner See"
14806 Belzig
"Am Wachtelberg 13, 14542 Werder (Havel), Potsdam-Mittelmark (Kreis)"
"Humboldtring 7, 14473 Potsdam, Südliche Innenstadt"
"Humboldtring 1, 14473 Potsdam, Südliche Innenstadt"
"Bahnhofstraße 20A, 14943 Luckenwalde, Teltow-Fläming (Kreis)"
"Fontaneplatz 1, 15711 Königs Wusterhausen, Dahme-Spreewald (Kreis)"
"Biberkiez 37, 14478 Potsdam, Schlaatz"
"Aprikosenweg 1, 14542 Werder, Werder (Havel)"
"Berliner Str. 54, 16761 Hennigsdorf, Oberhavel (Kreis)"
"Dorfstr. 51, 16816 Nietwerder, Neuruppin"
"Karl-Marx-Straße 17, 15230 Frankfurt (Oder), Stadtmitte"
"Breite Straße 10, 16727 Oberkrämer/OT Marwitz, Oberkrämer"
"Gartenstraße 15, 14476 Potsdam OT Fahrland, Potsdam"
"Ziolkowskistraße 48, 14480 Potsdam, Stern"
"Leiblstraße 19 a, 14195 Potsdam, Nördliche Innenstadt"
03051 Cottbus
"Ruhlsdorfer Straße 89, 14532 Stahnsdorf, Potsdam-Mittelmark (Kreis)"
"Mühlenstraße 12 + 12b, 01983 Großräschen, Oberspreewald-Lausitz (Kreis)"
"Philipp-Melanchthon-Straße 40, 03050 Cottbus, Spremberger Vorstadt"
"Dresdener Straße 5, 03050 Cottbus, Spremberger Vorstadt"
"Leipziger Straße 16, Spremberger Vorstadt, Cottbus"
"Mühlenstraße 12b, 01983 Großräschen, Oberspreewald-Lausitz (Kreis)"
"Klosterstraße 4a, 15344 Strausberg, Märkisch-Oderland (Kreis)"
"Bauhofstraße 43, 14776 Brandenburg, Neustadt"
"Dahmsdorfer Straße 4b, 15377 Waldsieversdorf, Märkisch-Oderland (Kreis)"
"Paul-Schreier-Straße 39, 16761 Hennigsdorf, Oberhavel (Kreis)"
"Geschwister-Scholl-Straße 5, 14471 Potsdam, Brandenburger Vorstadt"
"Rigaer Straße 6, 16761 Hennigsdorf, Oberhavel (Kreis)"
"Maxim-Gorki-Straße 14, 14974 Ludwigsfelde, Teltow-Fläming (Kreis)"
"Albert-Tanneur-Straße 5/7, 14974 Ludwigsfelde, Teltow-Fläming (Kreis)"
"Maxim-Gorki-Straße 8, 14974 Ludwigsfelde, Teltow-Fläming (Kreis)"
"Maxim-Gorki-Straße 20, 14974 Ludwigsfelde, Teltow-Fläming (Kreis)"
"Bahnhofsring 16, 16225 Eberswalde, Barnim (Kreis)"
"Werbelliner Str. 8, 16225 Eberswalde, Barnim (Kreis)"
"Werbelliner Str. 6, 16225 Eberswalde, Barnim (Kreis)"
"Hindersinstraße 5, 16225 Eberswalde, Barnim (Kreis)"
"Brunoldstraße 2, 16225 Eberswalde, Barnim (Kreis)"
"Gartenstraße 27, 17268 Templin, Uckermark (Kreis)"
"Oderberger Str. 30, 16278 Angermünde, Uckermark (Kreis)"
"Templiner Str. 39, 16278 Angermünde, Uckermark (Kreis)"
"Templiner Str. 38, 16278 Angermünde, Uckermark (Kreis)"
"Templiner Str. 35, 16278 Angermünde, Uckermark (Kreis)"
01987 Schwarzheide
"Dortustraße 71A, 14467 Potsdam, Nördliche Innenstadt"
"Theodor-Fontane-Straße 6, 15907 Lübben (Spreewald), Dahme-Spreewald (Kreis)"
"Parkstraße 24a, 15344 Strausberg, Märkisch-Oderland (Kreis)"
"Michaelisstr. 10, 16225 Eberswalde, Barnim (Kreis)"
"Robert-Havemann-Straße 1a, 15517 Fürstenwalde/Spree, Oder-Spree (Kreis)"
"Schwedter Straße 52c, 17291 Prenzlau, Uckermark (Kreis)"
"Flämingstr. 39, 16227 Eberswalde, Barnim (Kreis)"
14822 Borkheide
"Miersdorfer Chaussee 3, 15738 Zeuthen, Dahme-Spreewald (Kreis)"
"Eisenbahnstraße 31 b, 15517 Fürstenwalde, Fürstenwalde/Spree"
"Sperberstr. 0, 14532 Stahnsdorf, Potsdam-Mittelmark (Kreis)"
"Brückenstr. 32, 14913 Jüterbog, Teltow-Fläming (Kreis)"
"Straße des Friedens 3, 16278 Angermünde, Uckermark (Kreis)"
"Saarmunder Str. 25, 14478 Potsdam, Waldstadt II"
"Erich-Weinert-Str. 9, 14478 Potsdam, Waldstadt I"
"Am Hirschsprung 9, 16348 Wandlitz, Barnim (Kreis)"
"Zehlendorfer Damm 126, 14532 Kleinmachnow, Potsdam-Mittelmark (Kreis)"
"Weinbergstr. 17, 16321 Bernau, Bernau bei Berlin"
"Berliner Straße 71d, 14467 Potsdam, Berliner Vorstadt"
"Linienstraße 15, 14776 Brandenburg, Neustadt"
"Wittstocker Str. 12, 16227 Eberswalde, Barnim (Kreis)"
"Frankfurter Allee 5, 16227 Eberswalde, Barnim (Kreis)"
"Zum Schwärzesee 59, 16227 Eberswalde, Barnim (Kreis)"
"Theodor-Kerkow-Allee 12, 14641 Nauen, Havelland (Kreis)"
"Karl-Marx-Straße 17, 12529 Großziethen, Schönefeld"
"Gubener Straße 31 b, 15230 Frankfurt (Oder), Gubener Vorstadt"
"Am Kirchplatz 13, 15838 Wünsdorf, Zossen"
"Wilhelmstraße 26, 16225 Eberswalde, Barnim (Kreis)"
"Flämingstr. 23, 16227 Eberswalde, Barnim (Kreis)"
"Wilhelmstraße 2, 16225 Eberswalde, Barnim (Kreis)"
"Johann-Sebastian-Bach-Str. 30, 15732 Eichwalde, Dahme-Spreewald (Kreis)"
"Zum Schwärzesee 29, 16227 Eberswalde, Barnim (Kreis)"
"Zum Schwärzesee 27, 16227 Eberswalde, Barnim (Kreis)"
"Karl-Liebknecht-Straße 91, 14482 Potsdam Babelsberg, Babelsberg Nord"
"Felgentreuer Dorfstr. 22, 14947 Nuthe-Urstromtal (OT Felgentreu), Nuthe-Urstromtal"
"Zum Schwärzesee 13, 16227 Eberswalde, Barnim (Kreis)"
"An den Pfühlen 24, 16348 Wandlitz, Barnim (Kreis)"
"Zum Schwärzesee 11, 16227 Eberswalde, Barnim (Kreis)"
"Haslacher Str. 1, 14656 Brieselang, Havelland (Kreis)"
"Brautstraße 30, 16225 Eberswalde, Barnim (Kreis)"
"Hannes-Meyer-Straße 8, 14469 Potsdam, Bornstedt"
"Hansastraße 1, 14612 Falkensee, Havelland (Kreis)"
"Steinstraße 19, 17291 Prenzlau, Uckermark (Kreis)"
"Steinstraße 7, 17291 Prenzlau, Uckermark (Kreis)"
"Karl-Marx-Straße 48, 03130 Spremberg, Spree-Neiße (Kreis)"
14715 Milower Land
"Ernst-Thälmann-Straße 12, 03130 Schwarze Pumpe, Spremberg"
"Walter-Korsing-Straße 6, 15230 Frankfurt (Oder), Gubener Vorstadt"
"Glockenblumenweg 19, 15566 Schöneiche bei Berlin, Oder-Spree (Kreis)"
"Peter-Model-Str. 41, 03044 Cottbus, Schmellwitz"
"An der Feuerwehr 16, 15366 Dahlwitz-Hoppegarten, Märkisch-Oderland (Kreis)"
15378 Hennickendorf
"Carmzow 25, 17291 Carmzow-Wallmow, Uckermark (Kreis)"
15907 Lübben (Spreewald)
"Kastaniensteig 3, 16515 Oranienburg, Oberhavel (Kreis)"
"Waldweg 5c, 15526 Bad Saarow, Oder-Spree (Kreis)"
14565 Brieselang
"Geschwister-Scholl-Ring 18, 15526 Bad Saarow, Oder-Spree (Kreis)"
15299 Mixdorf
"Buchenallee 101, 16341 Panketal, Barnim (Kreis)"
"Verdistraße 29, 14558 Bergholz-Rehbrücke, Nuthetal"
"Wiesenstraße 13, 14913 Jüterbog, Teltow-Fläming (Kreis)"
"Luisenaue 7, 15859 Wendisch Rietz, Oder-Spree (Kreis)"
"Luisenaue 90, 15864 Wendisch Rietz, Oder-Spree (Kreis)"
"Rudolf-Breitscheid-Straße 113b, 14482 Potsdam, Babelsberg Nord"
"Ginsterweg 6, 14624 Dallgow-Döberitz, Havelland (Kreis)"
"Zum Schwanenufer 16 B, 16816 Neuruppin, Ostprignitz-Ruppin (Kreis)"
"Ahornring 6, 15806 Zossen, Teltow-Fläming (Kreis)"
16359 Biesenthal / Danewitz
"Ringstraße 8c, 12529 Schönefeld, OT Waltersdorf, Schönefeld"
"Ortwig, Bauerndorf 19 A, 15324 Letschin, Märkisch-Oderland (Kreis)"
03096 Burg
"Iserstrasse 9, 14513 Teltow, Kleinmachnow"
"Iserstrasse 9, 14513 Teltow, Potsdam-Mittelmark (Kreis)"
"Berkholz 29, 17268 Boitzenburger Land, Uckermark (Kreis)"
"Alte Försterei 1, 15711 Königs Wusterhausen, Dahme-Spreewald (Kreis)"
"Triftstr. 63, 16348 Wandlitz, Barnim (Kreis)"
"Alberta-Straße 2, 14513 Teltow, Potsdam-Mittelmark (Kreis)"
"Promenadenweg 31, 14532 Kleinmachnow, Potsdam-Mittelmark (Kreis)"
"Kremmen, Oberhavel (Kreis)"
"Gartenstraße 14, 03238 Lieskau, Lichterfeld-Schacksdorf"
"Kulmbacherstr. 10A, 14612 Falkensee, Havelland (Kreis)"
"An den Eisbergstücken 3A, 14476 Potsdam, Fahrland"
14776 Brandenburg
"Arndtstr. 33, 15370 Fredersdorf-Vogelsdorf, Märkisch-Oderland (Kreis)"
"Am Kiesgrund 30 D, Glienicke/Nordbahn, Oberhavel (Kreis)"
"Fließstraße 14, 15345 Eggersdorf, Petershagen/Eggersdorf"
"Gartenstr. 1, 15562 Rüdersdorf, Rüdersdorf bei Berlin"
14662 Mühlenberge
"Ringstraße 38, 14476 Potsdam, Neu Fahrland"
"Falkenweg 16, 14624 Dallgow-Döberitz, Havelland (Kreis)"
14162 Falkensee (Ortsteil Waldheim)
"Hohen Neuendorfer Weg 11, 16547 Birkenwerder, Oberhavel (Kreis)"
"Manitoba-Straße 16, 14513 Teltow, Potsdam-Mittelmark (Kreis)"
"Grabowseeweg 2 f, 16515 Schmachtenhagen, Oranienburg"
"Hamilton-Straße 23, 14513 Teltow, Potsdam-Mittelmark (Kreis)"
"Hamilton-Straße 17, 14513 Teltow, Potsdam-Mittelmark (Kreis)"
"Manitoba-Str. 18, 14513 Teltow, Potsdam-Mittelmark (Kreis)"
"Spitzahornweg 2, 16567 Schönfließ, Mühlenbecker Land"
"von-Stechow-Str. 10a, 14476 Potsdam, Fahrland"
"von-Stechow-Str. 10, 14476 Potsdam, Fahrland"
14548 Schwielowsee OT Caputh
"Roskastanie 20, 14469 Potsdam, Eiche"
"Westendweg 65, 16227 Eberswalde, Barnim (Kreis)"
"Am Krongut 23, 14469 Potsdam, Bornstedt"
"Breitestraße Ecke Bäckerstraße 12, 14513 Teltow, Potsdam-Mittelmark (Kreis)"
"Gartenstr. 2, 15562 Rüdersdorf, Rüdersdorf bei Berlin"
"Am Hörstegraben 31 a, 16727 Oberkrämer, Oberhavel (Kreis)"
"Hafergasse 4, 15732 Schulzendorf, Dahme-Spreewald (Kreis)"
"Am Waldweg 3A, 16321 Bernau, Bernau bei Berlin"
"Schrepkow 37, 16866 Gumtow, Prignitz (Kreis)"
"Manitoba-Str. 6, 14513 Teltow, Potsdam-Mittelmark (Kreis)"
16567 Mühlenbeck / OT Summt
"Hamilton-Straße 19, 14513 Teltow, Potsdam-Mittelmark (Kreis)"
"Labrador-Straße 6, Teltow, Potsdam-Mittelmark (Kreis)"
19322 Wittenberge
"Amselweg 17, 15711 Königs Wusterhausen, Dahme-Spreewald (Kreis)"
"Beethovenstr. 80, 14513 Teltow, Potsdam-Mittelmark (Kreis)"
"Friedhofstraße 00, 16727 Berlin, Oberkrämer"
"An den Eichen 12, 14513 Teltow-Ruhlsdorf, Teltow"
"Roßkastanienstraße 37, 14469 Berlin, Eiche"
"Mühlenweg 1, 04932 Gröden, Elbe-Elster (Kreis)"
"Fürstenwalder Weg 26, 15713 Niederlehme, Königs Wusterhausen"
14476 Potsdam-Groß Glienicke
14612 Falkensee Ortsteil Finkenkrug
"Dorfstraße 20a, 17268 Flieth-Stegelitz, Uckermark (Kreis)"
"Torgauer Str. 34, 04916 Herzberg, Herzberg/Elster"
"Friedensstr. 1a, 15344 Strausberg, Märkisch-Oderland (Kreis)"
"Mühlenstraße 1, 14532 Stahnsdorf, Potsdam-Mittelmark (Kreis)"
"An den Kopfweiden 6, 14473 Potsdam, Teltower Vorstadt"
"Akazienstraße 16, 16766 Kremmen OT Sommerfeld, Kremmen"
"Karl-Marx-Straße 141 L, 12529 Schönefeld, Dahme-Spreewald (Kreis)"
"Hirschsprung 84, 14612 Falkensee-Waldheim, Falkensee"
"An der Koppel 36, 12529 Schönefeld, OT Siedlung Waltersdorf, Schönefeld"
14715 Nennhausen
14552 Michendorf Widenbruch
"Meisenweg 27, 14624 Dallgow-Döberitz, OT Seeburg, Dallgow-Döberitz"
"Wilmsstraße 46, 14624 Dallgow-Döberitz, Havelland (Kreis)"
16356 Werneuchen
"Ontario-Straße 20, 14513 Teltow, Potsdam-Mittelmark (Kreis)"
"Lindenstr. 11, 15712 Königs Wusterhausen, Dahme-Spreewald (Kreis)"
"Blankenfelde-Mahlow, Teltow-Fläming (Kreis)"
"Graf-von-Schwerin-Straße 36C, 14469 Potsdam, Nauener Vorstadt"
"Am Mühlenberg 59, 14798 Havelsee/Briest, Havelsee"
14467 Neu Fahrland
16515 Mühlenbecker Land
"Stralsunder Str. 3, 16515 Oranienburg, Oberhavel (Kreis)"
15806 Zossen OT Dabendorf
15827 Dahlewitz
"Glienicker Str. 69D, 14612 Falkensee, Havelland (Kreis)"
"Hamilton-Str. 11, 14513 Teltow, Potsdam-Mittelmark (Kreis)"
"Alwine 103, 04924 Domsdorf, Uebigau-Wahrenbrück"
14548 Geltow
"Wachtelberg 10 f, 15738 Hennickendorf, Rüdersdorf bei Berlin"
"Peetscher Weg 10, 16798 Fürstenberg, Fürstenberg/Havel"
"Börnicker Chaussee 132, 16321 Bernau, Bernau bei Berlin"
"Richard-Wagner-Straße 28, 14476 Groß Glienicke, Potsdam"
"Victoria-Straße 18, 14513 Teltow, Potsdam-Mittelmark (Kreis)"
"Am Lehnitzsee 1, 14476 Neufahrland, Neu Fahrland"
"Offenbachstraße 53, 16321 Bernau , Wandlitz"
"Ziemensstraße 43 b, 14542 Werder (Havel) OT Glindow, Werder (Havel)"
"Heidestrasse 27, 15712 Königs Wusterhausen , Königs Wusterhausen"
16306 Jamikow
"Werderstr. 3, 14776 Brandenburg, Neustadt"
14823 Niemegk
"Weissdornallee 5, 14624 Dallgow Döberitz, Dallgow-Döberitz"
"Körperstr. 3, 15537 Grünheide, Grünheide (Mark)"
"An der Aue 1, 14552 Michendorf OT Wilhelmshorst, Michendorf"
"Lebbin 4, 15528 Spreenhagen, Oder-Spree (Kreis)"
"Alte Kietzstraße 9, 16766 Kremmen, Oberhavel (Kreis)"
16348 Wandlitz
"Am Dämeritzsee 9, 15537 Erkner, Oder-Spree (Kreis)"
"Brückenstrasse 1, 15562 Rüdersdorf, Rüdersdorf bei Berlin"
"Spechtstraße 14, 14532 Stahnsdorf, Potsdam-Mittelmark (Kreis)"
16341 Bernau
"Am Ziegeleischlag 13a, 14641 Priort bei Wustermark, Havelland (Kreis)"
16547 Werneuchen
"Am Seegarten 11, 15738 Zeuthen, Dahme-Spreewald (Kreis)"
"Rudolf-Breitscheid-Straße 81, 14482 Potsdam, Babelsberg Nord"
"Rudolf-Breitscheid-Straße 35B, 16341 Panketal, Barnim (Kreis)"
"Käthe-Kollwitz-Straße 23, 14532 Kleinmachnow, Potsdam-Mittelmark (Kreis)"
"Ginsterheide 7, 14532 Kleinmachnow, Potsdam-Mittelmark (Kreis)"
"Ernst-Thälmann-Straße 15, 16845 Temnitztal Wildberg, Temnitztal"
16835 Lindow (Mark)
16868 Wusterhausen Nackel
16515 Oranienburg OT Friedrichsthal
17326 Brüssow
14943 Luckenwalde
14550 Jeserig
15926 Luckau / Terpt
16845 Stüdenitz
15838 Am Mellensee
"Brücker Weg 15, 14822 Brück OT Borkwalde, Potsdam-Mittelmark (Kreis)"
"Schülaring 19, 01993 Schipkau, Oberspreewald-Lausitz (Kreis)"
14547 Fichtenwalde
03149 Forst (Lausitz)
"Zur Rolle 9, 16515 Oranienburg, Oberhavel (Kreis)"
"dorfplatz 12, 14959 trebbin, Trebbin"
"An den Sümpfen 22, 14959 Trebbin OT Löwendorf, Trebbin"
"Friedrichsthaler Str. 9, 16515 Oranienburg, Oberhavel (Kreis)"
15741 Motzen
15537 Grünheide (Mark) / Freienbink
12529 Schönefeld / Rotberg
16248 Liepe
"Zeppelinstraße 0, 15370 Fredersdorf, Fredersdorf-Vogelsdorf"
"Mühlenstr. 12-14, 14532 Stahnsdorf, Potsdam-Mittelmark (Kreis)"
"Oranienburger Chaussee 20a, 16515 Oranienburg, Oberhavel (Kreis)"
"Rühleweg/Schützenstrasse, 14641 Nauen, Havelland (Kreis)"
16348 Wandlitz - Basdorf
14656 Brieselang
16727 Oberkrämer - Vehlefanz
15837 Baruth
03226 Vetschau
14929 Treuenbrietzen
"von-Achenbach-Strasse 27, Trebbin, Teltow-Fläming (Kreis)"
"Mittelfeldring 80, 15344 Strausberg, Märkisch-Oderland (Kreis)"
"Rosenstraße 9, 15711 Königs Wusterhausen, Dahme-Spreewald (Kreis)"
"Kreischaussee ., 15831 Blankenfelde-Mahlow, Teltow-Fläming (Kreis)"
14547 Beelitz - Busendorf
16278 Angermünde
14929 Frohnsdorf
19322 Bentwisch
03205 Gross Mehssow
"Mötzower Landstraße 145a, 14778 Brandenburg, Dom"
"Amalienstraße -, 16727 Velten, Oberhavel (Kreis)"
"Eberswalder Str 17, 16230 Melchow, Barnim (Kreis)"
"Schlabendorf am See 32, 15926 Luckau, Dahme-Spreewald (Kreis)"
16548 Glienicke/Nordbahn
"Dorfaue, 15745 Wildau, Dahme-Spreewald (Kreis)"
"Blumenkorso, 15745 Wildau, Dahme-Spreewald (Kreis)"
"Schmöllner Weg 11, 14776 brandenburg, Neustadt"
"Kirschalle 9, 15913 Sprewaldheide, Spreewaldheide"
15366 Dahlwitz-Hoppegarten
"Gartenstraße 7, 15366 Hoppegarten, Märkisch-Oderland (Kreis)"
"16356 Werneuchen, OT Tiefensee"
03099 Kolkwitz / Glinzig
"Goethestraße, 16341 Panketal, OT Schwanebeck, Panketal"
"Graditzer Damm 3, 15366 Neuenhagen, Neuenhagen bei Berlin"
"Fernstraße 17, 15741 Bestensee OT Pätz, Bestensee"
14641 Wustermark OT Dyrotz
14542 Werder OT Plötzin
"Siegfriedstraße 14, 15712 Königs Wusterhausen OT Zernsdorf, Königs Wusterhausen"
"Wendenkönigstraße 23, 03096 Burg (Spreewald), Spree-Neiße (Kreis)"
"Berner Str. 8, 16798 Fürstenberg, Fürstenberg/Havel"
14913 Markendorf
"Döberitzer Straße 55, 14612 Falkensee, Havelland (Kreis)"
"Querstrasse, 03058 Komptendorf, Neuhausen/Spree"
"Kiefernweg 1, 14550 Neu Bochow, Groß Kreutz (Havel)"
"Chopinring 0, 15831 Blankenfelde-Mahlow, Teltow-Fläming (Kreis)"
"Annenstraße 0, 15370 Fredersdorf, Petershagen/Eggersdorf"
"Kutzeburger Mühle 2, 03058 Cottbus, Gallinchen"
"Am Luch 21, 15732 Schulzendorf, Dahme-Spreewald (Kreis)"
16831 Rheinsberg-Kleinzerlang
15831 Großbeeren
04924 Bad Liebenwerda
15864 Diensdorf-Radlow
15328 Manschnow
03099 Kolkwitz
"Kollwitzstraße 30, 14656 Brieselang, Havelland (Kreis)"
"Wildrosenstraße 33, 15827 Blankenfelde/Mahlow, Blankenfelde-Mahlow"
01996 Senftenberg / OT Hosena
15711 Königs Wusterhausen OT Ziegenhals
16798 Fürstenberg/Havel OT Himmelpfort
15562 Rüdersdorf
14550 Groß Kreutz
03116 Leuthen
15345 Petershagen
16775 Gransee
16818 Storbeck-Frankendorf
"Kuschkower Str., 15913 Gröditsch, Märkische Heide"
"Festungsgraben, 03185 Peitz, Spree-Neiße (Kreis)"
15299 Müllrose OT Dubrow
15848 Tauche OT Briescht
15848 Tauche OT Mittweide
15864 Wendisch Rietz
"Meistereck, 17291 Melzow, Oberuckersee"
15234 Frankfurt (Oder) OT Kliestow
"Reiherbergstraße xxx, 14476 Golm, Potsdam"
15366 Neuenhagen b. Berlin
15831 Blankenfelde-Mahlow
01945 Tettau
14554 Seddiner See
"Babelsberg Nord, Potsdam"
17279 Lychen
16775 Löwenberg
"Berliner Str. 35, 16792 Zehdenick, Oberhavel (Kreis)"
16225 Eberswalde
16227 Eberswalde
14715 Hohennauen
14913 Jüterbog
15848 Tauche OT Stremmen
14669 Ketzin OT Etzin
"Gartenstraße xxx, 16365 Werneuchen-Hirschfelde, Werneuchen"
"Altstadtblick 3A, 14473 Potsdam, Templiner Vorstadt"
15713 Königs Wusterhausen
"Ahornallee 47, 15537 Erkner, Oder-Spree (Kreis)"
"Am Mahlbusen 37, 16321 Bernau, Bernau bei Berlin"
"Glienicker Straße 1, 15806 Zossen, Teltow-Fläming (Kreis)"
"Mittelstraße 4, 16928 Pritzwalk, Prignitz (Kreis)"
"Ulmenweg 9a, 19322 Wittenberge, Prignitz (Kreis)"
"Platz der Friedens 1a, 16928 Pritzwalk, Prignitz (Kreis)"
"Am Ortberg 57, 15757 Teurow, Halbe"
03149 Forst
03054 Cottbus
"Am Körgraben 2, 14712 Rathenow, Havelland (Kreis)"
"Bahnhofstraße 25, 03103 Neupetershain, Oberspreewald-Lausitz (Kreis)"
14109 Potsdam
14641 Tietzow
14469 Potdam
"Thierbacher Straße xxx, 03048 Cottbus-Sachsendorf, Cottbus"
"Berliner Straße xxx, 03046 Cottbus, Ströbitz"
"Muskauer Straße xxx, 03130 Spremberg, Spree-Neiße (Kreis)"
"Brunnenstraße xxx, 16225 Eberswalde, Barnim (Kreis)"
"Eberswalder Straße xxx, 15374 Müncheberg, Märkisch-Oderland (Kreis)"
16244 Schorfheide
"Grünstreifen 19, 16792 Zehdenick, Oberhavel (Kreis)"
"Am Kuschelhain 28 a, 16727 Velten, Oberhavel (Kreis)"
15827 Blankenfelde-Mahlow OT Dahlewitz
03172 Guben
01945 Ruhland
16868 Bantikow
16321 Ahrensfelde
16909 Wittstock/Dosse
16767 Leegebruch
15306 Lietzen
16827 Alt Rupin
"Schöneiche bei Berlin, Oder-Spree (Kreis)"
15926 Görlsdorf
"Eulenweg 2 a - e, 15741 Bestensee, Dahme-Spreewald (Kreis)"
"Mainstr 98, 16321 Bernau, Bernau bei Berlin"
"Hubertusdamm 73 - 77, 14480 Potsdam, Stern"
14913 Niederer Fläming
14974 Thyrow
15936 Dahme
"Cottbuser Straße 58, 03149 Forst, Forst (Lausitz)"
"Silostraße 16, 14770 Brandenburg, Nord"
"Großbeerenstraße 7, 14480 Potsdam, Babelsberg Süd"
16949 Putlitz / Porep
"Alt Ruppiner Allee 40, 16816 Neuruppin, Ostprignitz-Ruppin (Kreis)"
"Birkenstraße 2a, 14641 Wustermark, Havelland (Kreis)"
14778 Radewege
01998 Klettwitz
03205 Calau
14778 Beetzsee OT Radewege
"Bergholzer Str. 3, 14473 Potsdam, Teltower Vorstadt"
04910 Elsterwerda
14778 Wollin
16562 Hohen Neuendorf
"Am Mahlbusen 7, 16321 Bernau, Bernau bei Berlin"
14550 Schmergow
"Fürstenau 19/20, 17268 Boitzenburger Land, Uckermark (Kreis)"
"Chausseestr. 32, 15345 Lichtenow, Rüdersdorf bei Berlin"
04916 Herzberg (Elster)
14621 Schönwalde-Glien
28719 Burgdamm
28309 Bremen
"Meierhofstr. 1, 28759 Bremen, St. Magnus"
"Nordernfeldstraße xxx, 27572 Bremerhaven, Wulsdorf"
"Lesmonastr 108, 28719 Bremen, Lesum"
"Wurster Straße 197, 27580 Bremerhaven, Lehe"
28259 Bremen / Huchting
28203 Bremen/Fesenfeld
28203 Bremen / Östliche Vorstadt
28325 Bremen
"Kurfürstenallee 35 C, 28211 Bremen, Gete"
"28719 Bremen, Burg- Lesum"
"Konsul-Smidt-Strasse 60-64, 28217 Bremen, Handelshäfen"
"Sachsenstraße 21, 27570 Bremerhaven / Geestemünde, Bremerhaven"
"Hermann-Heinrich-Meier Allee 66, 28213 Bremen, Neu Schwachhausen"
28197 Bremen / Woltmershausen
28779 Bremen-Lüssum
"Konsul-Smidt-Straße 60-64, 28217 Bremen, Handelshäfen"
28759 Bremen - St. Magnus
"Gete, Bremen"
"Osterholzer Landstraße 75a, 28325 Bremen, Ellenerbrok-Schevemoor"
28717 Bremen-Burglesum
28205 Bremen
"Semmelweisstraße 2, 28309 Bremen, Sebaldsbrück"
"Erlenstraße 129, 28199 Bremen, Neustadt"
"Gustav-Heinemann Str. 74, 28215 Bremen, Weidedamm"
28755 Bremen
"Dasbacher Straße 28, 28307 Bremen-Arbergen, Bremen"
"Lesumer Heerstr. 8, 28717 Bremen-Lesum, Bremen"
"St. Pauli Deich 12, 28199 Bremen, Alte Neustadt"
"Ruppertshainer Straße 13, 28307 Bremen, Arbergen"
28327 Bremen
"Grashoffstraße 32, 27570 Bremerhaven, Geestemünde"
28325 Osterholz
"Am Kapellenberg 1 a, 28759 Bremen, St. Magnus"
"Recklinghauserstraße 9, Blockdiek, Bremen"
"Auf Anfrage X, 28277 Bremen, Kattenturm"
28211 Bremen-Schwachhausen
"Fitgerstraße 3, 28209 Bremen, Bürgerpark"
"Genter Str. 17, 28259 Bremen, Mittelshuchting"
"Elbingerstraße 31, 28237 Bremen, Lindenhof"
"Sankt Pauli Deich 12, 28199 Bremen, Alte Neustadt"
"Oberes Emmatal 6, 28717 Bremen, Lesum"
28215 Bremen
27570 Bremerhaven-Geestemünde
"Schwanewederstr. 60, 28779 Bremen, Lüssum-Bockhorn"
"Querlandstraße 6, 28357 Bremen, Borgfeld"
28215 Bremen / Findorff
"Buntentorsteinweg 104 B, 28201 Bremen, Buntentor"
"Königsberger Straße 72, 28237 Bremen, Lindenhof"
"Gerhart-Hauptmann-Straße 3, 28213 Bremen, Neu Schwachhausen"
"Bultenweg 7, 28325 Bremen, Tenever"
"Louise-Schroeder-Straße 56 C, 27578 Bremerhaven, Leherheide"
"Middelburger Straße 1, 28259 Bremen, Sodenmatt"
"Den Haager Straße 22, 28259 Bremen, Sodenmatt"
"Carl-Severing-Straße 61, 28329 Bremen, Neue Vahr Nord"
"Auf dem Halm 27, 28717 Bremen, Lesum"
"Hünertshagen 35, 28755 Bremen, Aumund-Hammersbeck"
"Schubertstrasse 35, 28209 Bremen, Schwachhausen"
"Dionysiusstraße 81, 27576 Bremerhaven, Lehe"
"Lindenstraße 75-77, 28755 Bremen, Fähr-Lobbendorf"
"Schillerstraße 52, 27570 Bremerhaven, Geestemünde"
"Buchtstraße 49, 27570 Bremerhaven, Geestemünde"
"Stresemannstraße 177, 27576 Bremerhaven, Lehe"
"Soddernstraße 22a, 27572 Bremerhaven, Wulsdorf"
"Neumarktstraße 24, 27570 Bremerhaven, Geestemünde"
"Scharnhorststraße 16, 27568 Bremerhaven, Mitte"
"Woltmershauser Str. 313, 28197 Bremen, Woltmershausen"
"Lausanner Straße 208, 28325 Bremen, Tenever"
"Finkenschlag 34, 28759 Bremen, St. Magnus"
"Rönnebecker Str. 19 A, 28777 Bremen, Blumenthal"
"Hamburger Straße 262, 28205 Bremen, Peterswerder"
"Boschstraße 11, 27574 Bremerhaven, Geestemünde"
"Züricher Straße 39, 28325 Bremen, Ellenerbrok-Schevemoor"
"Hermann-Ehlers-Straße 10 A, 27578 Bremerhaven, Leherheide"
"Eppenhainer Straße 13, 28307 Bremen, Mahndorf"
"Heinrich-Plett-Allee 58, 28259 Bremen, Sodenmatt"
"Wilhelm-Liebknecht-Straße 5, 28329 Bremen, Neue Vahr Nord"
"Wilhelm-Liebknecht-Straße 52, 28329 Bremen, Neue Vahr Nord"
"Lessingstr. 19, 27568 bremerhaven, Lehe"
"Joseph Haydn Str. 30, 28209 Bremen, Schwachhausen"
"Hannoversche Straße 115, 28309 Bremen, Hemelingen"
"Batteriestr. 8, 27568 Bremerhaven, Lehe"
"Fedelerstr. 2, 28757 Bremen, Vegesack"
"Arensburgstr. 53, 28211 Bremen, Gete"
"Industriestraße 42a, 27570 Bremerhaven, Geestemünde"
"Eupenerstraße 14, 27576 Bremerhaven, Lehe"
"Ramdohrstraße 20, 28205 Bremen, Hulsberg"
"Pestalozzistraße 30, 27568 Bremerhaven, Mitte"
"Carl-Hurtzig-Straße 13, 28259 Bremen, Mittelshuchting"
"Hans-Böckler-Straße 75, 27578 Bremerhaven, Leherheide"
"Antwerpener Straße 15, 28259 Bremen, Mittelshuchting"
"Gustav-Radbruch-Straße 31, 28329 Bremen, Neue Vahr Nord"
"Geibelstr. 10, 27576 Bremerhaven, Lehe"
"Rutenbergstr. 22, 27568 Bremerhaven, Mitte"
"Ottilie-Hoffmann-Straße 83, Neu Schwachhausen, Bremen"
"Seewenjestr. 131, 28237 Bremen, Gröpelingen"
"Kohlhökerstraße 65, 28203 Bremen, Ostertor"
"Eichendorffstraße 31, 27576 Bremerhaven, Lehe"
28359 Bremen-Horn
"Richard-Wagner-Str. 20, 28209 Bremen, Bürgerweide/Barkhof"
28257 Bremen
"Fedelhören 12/13, 28203 Bremen, Ostertor"
28329 Bremen-Vahr
"Osterholzer Landstraße 48f, 28237 Bremen, Ellener Feld"
"Gröpelinger Heerstraße 383, 28239 Bremen, Ohlenhof"
"Elsasser Straße 170, 28211 Bremen, Gete"
"Borgfelder Heerstr. 38a, 28357 Bremen, Borgfeld"
"Friedrich-Ebert-Straße 16, 27570 Bremerhaven, Geestemünde"
"Nettelbeckstraße 3, 27572 Bremerhaven, Wulsdorf"
"Münchenerstrasse 57, 28217 Bremen, Regensburger Str."
"Wiesbadenerstrasse 9, 28199 Bremen, Neustadt"
"Deichstrasse 82, 27568 Bremerhaven, Mitte"
"Den Haager Straße 18, 28259 Bremen, Sodenmatt"
"Sagerstr. 44, 28757 Bremen, Vegesack"
"Bruchweg 90, 28309 Bremen, Hemelingen"
"Bromberger Str. 61, 28237 Bremen, Gröpelingen"
"Ortstr. 21 C, 28237 Bremen, Lindenhof"
"Grönlandstr. 15, 28719 Bremen, Burg-Grambke"
"Georg-Büchner-Straße 10, 27574 Bremerhaven, Geestemünde"
"Bütteler Straße 34, 27568 Bremerhaven, Lehe"
"Thunstraße 38, 27572 Bremerhaven, Wulsdorf"
"Hemelinger Heerstraße 9, 28309 Bremen, Hemelingen"
"Randweg 47, 28239 Bremen, Oslebshausen"
"Franz-Liszt-Str. 12, 28209 Bremen, Bürgerweide/Barkhof"
"Auf den Häfen 12-15, 28203 Bremen, Ostertor"
"Vahrer Str. 78, 28309 Bremen, Sebaldsbrück"
"Waltjenstraße 25, 28237 Bremen, Lindenhof"
"Anna-Seghers-Straße 14, 28279 Bremen, Habenhausen"
"Volttastr. 55, 28357 Bremen, Lehesterdeich"
"Am Dobben 28, 28203 Bremen, Ostertor"
"Alwin-Belger-Straße 35, 28755 Bremen, Fähr-Lobbendorf"
"Finkenschlag 23, 28759 Bremen, St. Magnus"
"Poelzigstraße 38, 28205 Bremen, Peterswerder"
"Pestalozzistraße 28, 27568 Bremerhaven, Mitte"
"Marienwerderstr. 33, 28237 Bremen, Gröpelingen"
"Wummensieder Str. 61, 28239 Bremen, Ohlenhof"
"Auf der Bult 10, 27574 Bremerhaven, Geestemünde"
"Am Oberhamm 126 C, 27570 Bremerhaven, Geestemünde"
"Kurt-Schumacher-Straße 75 A, 27578 Bremerhaven, Leherheide"
"Hemelinger Heerstraße 7, 28309 Bremen, Hemelingen"
"Fröbelstraße 35, 27850 Bremerhaven, Lehe"
"Keplerstraße 34, 27850 Bremerhaven, Lehe"
"Gellertstraße 87, 28201 Bremen, Buntentor"
"Potsdamer Straße 55, 27568 Bremerhaven, Lehe"
"Karl-Marx-Straße 270, 28279 Bremen, Habenhausen"
"Geeststraße -, 28237 Bremen, Lindenhof"
"Rickmersstraße 130, 27568 Bremerhaven, Lehe"
"Prager Straße 79, 27568 Bremerhaven, Mitte"
"Friedhofstr. 34, 27576 Bremerhaven, Lehe"
"Sine-Wessels-Str. 2c, 28357 Bremen, Lehesterdeich"
"Pappelstraße 56, 28199 bremen, Neustadt"
"Rotterdamer Str. 9, 28259 Bremen, Kirchhuchting"
"Hohenstaufenstr. 2a, 27568 Bremerhaven, Geestemünde"
"Hafenstraße 1, 27576 Bremerhaven, Mitte"
"Bgm.-Smidt-Straße 25, 27568 Bremerhaven, Mitte"
"St.- Pauli-Deich 1, 28199 Bremen, Alte Neustadt"
"Grazer Str. 57, 27568 Bremerhaven, Mitte"
"Zur Vegesacker Fähre 39, 28757 Bremen, Vegesack"
"Kurfürstenallee 50a, 28211 Bremen, Gete"
"Hockenstraße 3, 28717 Bremen, Lesum"
"Abbentorswallstr. 50, 28195 Bremen, Altstadt"
28717 Bremen-Lesum
"Steindamm 46, 28719 Bremen, Burgdamm"
"Krögersweg 2a, 28357 Bremen, Borgfeld"
28759 Bremen
"Hollerlander Weg 102, 28355 Bremen Oberneuland, Bremen"
"Lesumer Heerstraße 65, 28717 Bremen-Lesum, St. Magnus"
"Am Lehester Deich 99, 28357 Bremen, Lehesterdeich"
"Walter-Delius-Straße 24, 27574 Bremerhaven, Geestemünde"
"Bruchhauserstr. 7, 28277 Bremen Arsten, Kattenturm"
"Hirschgraben 23, 22089 Hamburg, Eilbek"
"Bramfelder Chaussee 169, 22177 Hamburg / Bramfeld, Hamburg"
"Trenknerweg 113, 22605 Hamburg, Othmarschen"
"Fuhlsbüttler Straße 419, 22307 Hamburg, Barmbek-Nord"
22081 Hamburg
22765 Hamburg
"Kühnbachring, Jenfelder Au 1, 22045 Hamburg, Jenfeld"
"Raalandsweg 27, 22559 Hamburg, Rissen"
"Reembroden 37, 22339 Hamburg, Hummelsbüttel"
20255 Hamburg
